X1,X2,X3,X4,X5,X6,X7,room
-50,-53,-52,-50,-64,-78,-88,3
-60,-54,-59,-65,-73,-83,-84,1
-38,-51,-54,-45,-67,-72,-76,2
-41,-58,-53,-38,-65,-79,-72,2
-65,-61,-56,-67,-50,-89,-91,4
-43,-55,-63,-37,-64,-67,-76,2
-49,-52,-53,-49,-64,-77,-83,3
-56,-60,-55,-55,-53,-88,-85,4
-56,-54,-50,-58,-50,-83,-85,4
-63,-58,-65,-66,-78,-81,-88,1
-61,-52,-49,-56,-46,-84,-83,4
-45,-58,-58,-40,-70,-86,-80,2
-62,-56,-63,-66,-74,-82,-80,1
-60,-50,-51,-62,-49,-87,-84,4
-42,-51,-54,-41,-67,-72,-77,2
-42,-54,-56,-39,-63,-76,-78,2
-61,-54,-48,-58,-47,-91,-88,4
-51,-52,-51,-51,-64,-79,-89,3
-56,-53,-42,-61,-49,-83,-83,4
-59,-52,-56,-59,-51,-89,-87,4
-49,-50,-51,-44,-60,-83,-79,3
-60,-52,-51,-55,-48,-86,-90,4
-54,-53,-54,-50,-63,-79,-77,3
-37,-54,-47,-36,-63,-70,-70,2
-53,-53,-50,-55,-59,-86,-81,3
-67,-56,-55,-64,-49,-91,-89,4
-38,-56,-48,-39,-71,-72,-71,2
-65,-57,-45,-66,-47,-92,-92,4
-56,-51,-47,-51,-71,-79,-75,3
-49,-53,-51,-53,-67,-81,-83,3
-52,-60,-52,-54,-66,-85,-79,3
-66,-58,-64,-63,-73,-83,-86,1
-61,-58,-58,-67,-50,-96,-85,4
-48,-54,-52,-54,-58,-87,-89,3
-39,-59,-49,-37,-68,-70,-72,2
-59,-50,-45,-63,-49,-84,-86,4
-59,-54,-49,-58,-52,-83,-93,4
-48,-58,-55,-49,-60,-80,-83,3
-40,-57,-58,-38,-64,-74,-79,2
-63,-57,-61,-65,-73,-84,-84,1
-61,-56,-47,-60,-48,-83,-87,4
-66,-60,-62,-62,-70,-82,-85,1
-49,-55,-49,-49,-60,-80,-79,3
-62,-59,-62,-63,-65,-87,-87,1
-58,-55,-57,-64,-47,-85,-89,4
-59,-54,-59,-64,-74,-80,-81,1
-58,-57,-46,-56,-43,-89,-85,4
-61,-57,-57,-66,-55,-83,-87,4
-51,-58,-56,-48,-61,-79,-82,3
-51,-58,-51,-51,-62,-79,-86,3
-61,-56,-55,-63,-52,-84,-87,4
-58,-56,-56,-61,-52,-85,-85,4
-63,-57,-52,-64,-52,-88,-93,4
-42,-54,-58,-41,-63,-75,-78,2
-61,-58,-64,-61,-64,-78,-82,1
-58,-50,-59,-58,-68,-80,-81,1
-58,-57,-55,-66,-51,-88,-87,4
-48,-47,-51,-52,-60,-74,-79,3
-47,-58,-49,-45,-66,-85,-79,3
-62,-60,-64,-74,-76,-81,-91,1
-63,-58,-46,-66,-49,-93,-93,4
-61,-50,-50,-58,-48,-88,-87,4
-65,-57,-63,-71,-76,-87,-86,1
-49,-61,-55,-49,-62,-84,-89,3
-63,-48,-51,-59,-69,-77,-82,1
-47,-60,-56,-48,-85,-85,-81,2
-56,-51,-43,-59,-47,-83,-89,4
-60,-56,-48,-61,-49,-92,-82,4
-42,-58,-65,-46,-71,-77,-73,2
-49,-61,-55,-53,-72,-85,-92,3
-36,-57,-52,-40,-66,-75,-75,2
-43,-60,-68,-46,-72,-83,-79,2
-64,-57,-53,-64,-47,-88,-91,4
-46,-57,-53,-48,-58,-80,-86,3
-36,-59,-55,-40,-65,-66,-69,2
-40,-55,-56,-41,-70,-74,-73,2
-59,-60,-60,-62,-67,-94,-77,1
-61,-55,-54,-72,-45,-89,-92,4
-49,-58,-49,-51,-59,-89,-79,3
-45,-50,-57,-49,-63,-81,-82,3
-62,-59,-53,-64,-44,-89,-98,4
-59,-57,-56,-65,-49,-91,-86,4
-59,-57,-62,-61,-68,-80,-83,1
-71,-62,-65,-68,-83,-85,-86,1
-59,-53,-45,-60,-51,-87,-86,4
-65,-56,-62,-62,-68,-83,-90,1
-63,-52,-43,-63,-51,-87,-88,4
-59,-56,-61,-66,-71,-83,-82,1
-63,-57,-58,-62,-73,-86,-85,1
-45,-55,-54,-47,-63,-78,-80,3
-61,-54,-51,-63,-44,-87,-88,4
-40,-59,-57,-39,-67,-81,-74,2
-58,-55,-58,-61,-67,-78,-80,1
-54,-54,-55,-52,-61,-86,-78,3
-63,-57,-65,-69,-77,-81,-85,1
-53,-54,-54,-50,-61,-82,-84,3
-59,-57,-60,-60,-63,-81,-77,1
-49,-52,-53,-54,-65,-77,-88,3
-38,-54,-56,-45,-56,-72,-68,2
-49,-52,-58,-46,-57,-77,-77,3
-48,-53,-56,-37,-59,-75,-83,2
-55,-49,-51,-56,-50,-84,-88,4
-49,-56,-54,-55,-62,-78,-81,3
-62,-53,-62,-64,-68,-79,-82,1
-59,-57,-48,-69,-52,-87,-87,4
-59,-53,-56,-60,-53,-85,-86,4
-36,-54,-53,-46,-63,-66,-76,2
-37,-61,-54,-37,-66,-74,-75,2
-49,-49,-47,-50,-59,-79,-88,3
-58,-53,-46,-59,-50,-86,-90,4
-51,-56,-51,-47,-62,-79,-85,3
-64,-57,-48,-60,-39,-88,-85,4
-58,-58,-46,-57,-47,-81,-80,4
-65,-56,-60,-66,-74,-89,-90,1
-35,-56,-55,-36,-69,-67,-78,2
-62,-55,-53,-65,-50,-88,-93,4
-62,-51,-54,-60,-74,-74,-82,1
-58,-55,-59,-58,-72,-77,-81,1
-46,-53,-51,-49,-68,-79,-85,3
-60,-51,-51,-59,-54,-86,-89,4
-68,-51,-59,-67,-65,-80,-87,1
-46,-54,-53,-47,-63,-85,-80,3
-50,-57,-58,-44,-82,-75,-78,2
-66,-55,-60,-69,-66,-85,-87,1
-50,-56,-63,-45,-71,-76,-78,2
-62,-59,-62,-60,-68,-80,-89,1
-58,-52,-58,-60,-52,-86,-89,4
-65,-57,-55,-64,-50,-92,-85,4
-54,-56,-50,-50,-64,-87,-80,3
-42,-55,-57,-44,-69,-73,-77,2
-67,-60,-66,-65,-75,-86,-87,1
-49,-52,-56,-48,-55,-81,-82,3
-56,-52,-50,-58,-57,-85,-88,3
-38,-57,-60,-39,-68,-73,-74,2
-62,-59,-52,-69,-46,-91,-98,4
-63,-57,-60,-64,-72,-80,-78,1
-38,-57,-50,-38,-60,-74,-69,2
-50,-57,-53,-49,-67,-83,-82,3
-60,-60,-46,-54,-49,-81,-83,4
-49,-56,-47,-50,-58,-77,-84,3
-40,-55,-53,-36,-60,-77,-77,2
-40,-59,-67,-50,-68,-79,-78,2
-64,-56,-64,-67,-77,-81,-85,1
-57,-58,-52,-66,-46,-86,-90,4
-60,-55,-42,-63,-53,-91,-79,4
-65,-57,-60,-64,-74,-81,-90,1
-57,-60,-49,-61,-54,-85,-88,4
-62,-53,-59,-62,-66,-82,-87,1
-42,-57,-61,-43,-73,-67,-66,2
-41,-53,-56,-36,-62,-75,-77,2
-53,-53,-51,-50,-66,-82,-82,3
-64,-58,-45,-65,-51,-92,-92,4
-60,-58,-56,-64,-52,-93,-86,4
-64,-57,-47,-58,-46,-89,-86,4
-38,-56,-55,-39,-75,-71,-75,2
-56,-55,-44,-60,-49,-84,-80,4
-65,-50,-51,-57,-70,-80,-79,1
-62,-54,-56,-64,-75,-88,-85,1
-60,-57,-58,-66,-65,-77,-80,1
-62,-55,-65,-59,-69,-86,-87,1
-52,-51,-47,-49,-64,-80,-78,3
-60,-55,-58,-57,-75,-74,-82,1
-51,-60,-55,-53,-72,-85,-78,3
-62,-57,-60,-64,-67,-80,-88,1
-37,-53,-54,-37,-67,-79,-72,2
-59,-54,-63,-72,-75,-81,-78,1
-64,-55,-63,-66,-76,-88,-83,1
-51,-52,-52,-56,-68,-79,-87,3
-65,-58,-65,-65,-74,-89,-85,1
-35,-57,-53,-34,-64,-76,-76,2
-53,-58,-51,-48,-63,-85,-78,3
-62,-54,-62,-68,-80,-80,-78,1
-49,-54,-55,-49,-63,-81,-87,3
-62,-57,-60,-61,-69,-93,-90,1
-63,-58,-57,-61,-52,-89,-93,4
-47,-54,-55,-47,-66,-78,-86,3
-67,-56,-65,-66,-75,-83,-81,1
-47,-56,-53,-53,-66,-85,-85,3
-55,-53,-57,-67,-64,-80,-78,1
-45,-54,-53,-45,-68,-75,-84,3
-60,-57,-55,-65,-51,-94,-86,4
-65,-57,-56,-63,-48,-92,-85,4
-64,-63,-56,-64,-47,-92,-83,4
-61,-57,-59,-62,-69,-78,-83,1
-37,-61,-61,-37,-71,-68,-73,2
-45,-52,-52,-51,-64,-84,-84,3
-61,-52,-43,-60,-47,-89,-85,4
-35,-56,-57,-34,-60,-73,-80,2
-37,-58,-56,-38,-63,-75,-74,2
-62,-51,-54,-59,-64,-77,-81,1
-52,-56,-52,-44,-63,-87,-84,3
-64,-55,-48,-61,-50,-83,-87,4
-48,-63,-58,-44,-74,-79,-78,2
-50,-55,-59,-41,-82,-75,-78,2
-61,-56,-53,-62,-63,-84,-91,1
-37,-56,-56,-35,-69,-73,-69,2
-64,-56,-64,-65,-75,-85,-90,1
-59,-60,-57,-62,-67,-80,-84,1
-63,-57,-57,-62,-51,-89,-84,4
-66,-52,-48,-71,-55,-88,-87,4
-53,-52,-51,-53,-64,-80,-81,3
-50,-54,-51,-46,-63,-79,-84,3
-53,-55,-52,-46,-63,-86,-85,3
-57,-50,-51,-59,-51,-83,-84,4
-62,-57,-63,-67,-66,-87,-80,1
-66,-57,-57,-64,-69,-84,-90,1
-50,-52,-52,-55,-67,-79,-91,3
-51,-53,-55,-50,-67,-76,-88,3
-49,-58,-55,-52,-60,-83,-84,3
-49,-53,-55,-52,-57,-86,-86,3
-43,-55,-55,-39,-69,-67,-71,2
-48,-54,-49,-59,-63,-78,-80,3
-40,-52,-53,-39,-61,-75,-73,2
-46,-55,-58,-47,-64,-78,-78,3
-36,-58,-52,-26,-61,-70,-70,2
-45,-55,-54,-43,-71,-89,-77,2
-60,-51,-53,-63,-42,-87,-82,4
-51,-53,-52,-55,-67,-78,-88,3
-57,-57,-50,-59,-54,-85,-81,4
-59,-57,-49,-66,-41,-87,-86,4
-65,-51,-59,-61,-66,-81,-84,1
-59,-52,-44,-64,-43,-87,-83,4
-45,-53,-55,-49,-63,-78,-81,3
-57,-54,-46,-53,-44,-85,-84,4
-62,-53,-57,-60,-69,-87,-86,1
-61,-58,-58,-62,-66,-81,-81,1
-58,-56,-51,-59,-65,-81,-84,1
-38,-55,-51,-41,-72,-70,-73,2
-49,-62,-59,-43,-78,-79,-81,2
-61,-57,-65,-59,-67,-86,-87,1
-61,-52,-48,-61,-45,-90,-88,4
-57,-59,-44,-60,-56,-87,-85,4
-73,-61,-65,-65,-77,-89,-90,1
-58,-56,-48,-65,-49,-87,-81,4
-48,-57,-51,-51,-60,-79,-80,3
-49,-54,-52,-56,-60,-85,-73,3
-66,-58,-61,-63,-73,-81,-85,1
-47,-56,-57,-52,-62,-79,-87,3
-56,-47,-56,-61,-67,-78,-88,1
-57,-55,-58,-64,-65,-87,-79,1
-52,-60,-65,-48,-64,-79,-75,2
-51,-55,-50,-50,-59,-79,-85,3
-61,-56,-46,-60,-50,-84,-86,4
-58,-56,-46,-56,-62,-84,-87,4
-56,-50,-47,-60,-50,-88,-83,4
-61,-59,-65,-63,-74,-89,-87,1
-58,-52,-57,-60,-52,-86,-88,4
-52,-60,-51,-54,-61,-86,-87,3
-58,-59,-56,-64,-68,-82,-87,1
-52,-60,-51,-46,-63,-84,-77,3
-56,-51,-62,-62,-71,-77,-82,1
-59,-59,-58,-62,-64,-78,-81,1
-65,-60,-59,-63,-76,-86,-82,1
-67,-59,-62,-65,-71,-91,-84,1
-36,-58,-54,-27,-67,-73,-78,2
-57,-53,-54,-61,-73,-86,-81,1
-57,-54,-51,-60,-47,-84,-88,4
-55,-51,-48,-68,-51,-82,-86,4
-66,-56,-56,-63,-50,-89,-91,4
-49,-64,-58,-51,-70,-86,-78,3
-46,-57,-55,-44,-65,-86,-77,2
-46,-55,-54,-45,-62,-76,-73,2
-59,-52,-57,-59,-50,-88,-88,4
-65,-56,-65,-63,-68,-82,-93,1
-58,-53,-49,-60,-48,-86,-91,4
-59,-51,-55,-59,-54,-87,-88,4
-53,-54,-59,-54,-62,-81,-82,3
-51,-51,-59,-46,-60,-80,-82,3
-46,-60,-52,-55,-61,-85,-85,3
-63,-56,-60,-62,-70,-84,-91,1
-62,-56,-59,-58,-67,-78,-79,1
-65,-54,-53,-61,-43,-84,-83,4
-50,-51,-49,-48,-54,-77,-77,3
-57,-56,-56,-61,-70,-77,-77,1
-63,-51,-57,-60,-66,-79,-82,1
-36,-53,-57,-40,-66,-70,-69,2
-42,-56,-50,-43,-68,-76,-77,2
-63,-59,-64,-66,-72,-84,-90,1
-56,-53,-43,-61,-58,-80,-85,4
-48,-60,-57,-52,-61,-85,-84,3
-65,-51,-49,-63,-49,-92,-91,4
-60,-56,-44,-53,-46,-87,-88,4
-59,-50,-56,-59,-62,-78,-79,1
-49,-50,-55,-49,-54,-85,-76,3
-61,-57,-63,-67,-72,-77,-82,1
-50,-52,-49,-45,-64,-76,-78,3
-36,-50,-58,-41,-74,-74,-69,2
-63,-54,-49,-62,-43,-89,-91,4
-58,-50,-55,-54,-61,-84,-87,1
-61,-58,-54,-63,-47,-88,-81,4
-69,-58,-46,-66,-48,-95,-93,4
-59,-51,-57,-60,-49,-87,-88,4
-58,-57,-50,-60,-47,-84,-86,4
-52,-51,-53,-54,-68,-88,-84,3
-49,-52,-52,-53,-65,-77,-85,3
-49,-61,-56,-49,-64,-84,-89,3
-58,-54,-59,-62,-68,-79,-87,1
-54,-57,-53,-54,-62,-77,-75,3
-66,-52,-63,-63,-68,-80,-87,1
-51,-60,-59,-46,-68,-78,-83,3
-61,-54,-60,-61,-74,-87,-83,1
-48,-63,-55,-42,-71,-81,-79,2
-62,-51,-46,-61,-49,-87,-85,4
-38,-58,-59,-37,-66,-74,-67,2
-48,-55,-54,-48,-67,-85,-81,3
-62,-53,-58,-65,-67,-82,-84,1
-50,-56,-53,-52,-68,-84,-77,3
-41,-58,-58,-42,-64,-79,-80,2
-58,-53,-61,-62,-64,-78,-81,1
-47,-46,-53,-46,-59,-79,-79,3
-63,-55,-62,-63,-70,-80,-75,1
-47,-52,-49,-43,-57,-80,-79,3
-52,-52,-50,-49,-66,-77,-88,3
-69,-59,-59,-65,-78,-86,-87,1
-43,-54,-56,-40,-67,-70,-71,2
-57,-49,-44,-60,-50,-84,-86,4
-65,-58,-61,-71,-69,-87,-83,1
-63,-61,-61,-63,-68,-82,-83,1
-42,-57,-51,-41,-69,-77,-75,2
-59,-51,-56,-61,-50,-86,-86,4
-50,-57,-57,-50,-70,-77,-80,2
-64,-57,-60,-60,-65,-80,-91,1
-64,-57,-53,-66,-48,-92,-87,4
-66,-57,-65,-69,-78,-85,-85,1
-26,-55,-55,-38,-71,-71,-70,2
-62,-49,-56,-63,-67,-78,-80,1
-63,-51,-58,-63,-68,-81,-87,1
-62,-59,-63,-64,-70,-84,-84,1
-55,-50,-49,-60,-45,-86,-87,4
-63,-58,-66,-68,-75,-90,-93,1
-63,-55,-63,-68,-77,-87,-89,1
-39,-56,-58,-37,-64,-76,-72,2
-42,-53,-53,-42,-63,-72,-72,2
-46,-53,-54,-46,-63,-79,-82,3
-59,-54,-60,-65,-66,-80,-90,1
-62,-57,-61,-64,-68,-82,-82,1
-38,-53,-53,-43,-78,-69,-75,2
-57,-52,-60,-61,-66,-81,-85,1
-61,-57,-58,-62,-67,-78,-76,1
-39,-57,-54,-38,-56,-70,-72,2
-41,-57,-59,-44,-65,-76,-77,2
-50,-57,-60,-43,-66,-77,-82,3
-61,-56,-48,-62,-54,-88,-86,4
-67,-56,-62,-70,-69,-86,-84,1
-57,-51,-47,-61,-50,-90,-88,4
-59,-57,-50,-59,-50,-89,-80,4
-38,-52,-54,-38,-64,-73,-77,2
-63,-56,-51,-64,-49,-88,-89,4
-59,-57,-63,-66,-65,-82,-78,1
-49,-53,-50,-55,-59,-80,-87,3
-51,-52,-49,-50,-63,-79,-79,3
-43,-58,-56,-41,-69,-79,-78,2
-37,-46,-51,-39,-63,-69,-69,2
-49,-60,-55,-49,-63,-85,-89,3
-37,-60,-53,-39,-65,-70,-68,2
-60,-51,-59,-63,-68,-81,-76,1
-59,-56,-62,-59,-67,-75,-78,1
-59,-52,-56,-59,-51,-89,-84,4
-46,-59,-55,-49,-69,-74,-84,2
-64,-60,-44,-66,-52,-91,-92,4
-69,-52,-48,-66,-48,-88,-87,4
-53,-55,-54,-51,-69,-79,-81,3
-62,-50,-61,-64,-73,-80,-81,1
-52,-56,-47,-53,-61,-78,-79,3
-40,-55,-47,-47,-64,-75,-79,2
-60,-58,-57,-59,-66,-82,-83,1
-64,-52,-59,-59,-66,-86,-87,1
-61,-56,-57,-56,-75,-74,-81,1
-61,-54,-45,-66,-45,-88,-87,4
-59,-53,-57,-60,-51,-89,-95,4
-47,-58,-56,-51,-70,-81,-86,3
-67,-56,-67,-70,-74,-81,-82,1
-62,-57,-54,-66,-71,-81,-83,1
-40,-54,-57,-42,-64,-67,-71,2
-57,-51,-56,-57,-50,-88,-86,4
-48,-50,-54,-51,-59,-77,-75,3
-47,-57,-52,-44,-67,-78,-75,3
-67,-57,-67,-68,-75,-85,-80,1
-71,-64,-64,-70,-78,-88,-94,1
-49,-55,-50,-53,-62,-76,-75,3
-41,-52,-57,-41,-63,-73,-68,2
-57,-55,-45,-59,-50,-85,-85,4
-52,-48,-52,-54,-63,-78,-80,3
-64,-58,-60,-68,-66,-86,-88,1
-66,-59,-65,-68,-75,-88,-84,1
-54,-55,-50,-48,-64,-80,-78,3
-60,-54,-50,-50,-60,-84,-85,3
-59,-55,-50,-57,-52,-78,-83,4
-64,-56,-61,-66,-71,-82,-81,1
-50,-59,-53,-54,-65,-77,-78,3
-65,-56,-63,-66,-80,-83,-88,1
-48,-54,-56,-49,-66,-81,-80,3
-37,-53,-56,-35,-74,-76,-79,2
-40,-56,-53,-44,-69,-77,-79,2
-51,-62,-59,-50,-66,-85,-77,3
-45,-56,-60,-46,-81,-79,-75,2
-36,-60,-53,-36,-63,-70,-77,2
-60,-55,-54,-58,-55,-86,-88,4
-54,-46,-48,-55,-48,-84,-85,4
-39,-54,-55,-37,-61,-77,-79,2
-49,-56,-45,-42,-66,-83,-80,3
-59,-50,-57,-59,-51,-87,-85,4
-62,-53,-55,-60,-68,-76,-79,1
-49,-51,-52,-44,-60,-77,-77,3
-63,-57,-57,-70,-50,-92,-87,4
-58,-48,-59,-59,-64,-84,-77,1
-40,-63,-67,-40,-75,-70,-70,2
-64,-55,-55,-66,-49,-88,-88,4
-52,-55,-52,-52,-62,-82,-84,3
-64,-54,-65,-63,-71,-85,-89,1
-64,-58,-50,-65,-50,-91,-85,4
-57,-53,-51,-57,-48,-88,-85,4
-63,-57,-63,-64,-73,-86,-81,1
-59,-51,-64,-57,-69,-80,-80,1
-43,-53,-51,-42,-73,-71,-66,2
-49,-50,-50,-45,-64,-79,-77,3
-51,-51,-51,-51,-65,-78,-88,3
-44,-52,-51,-36,-78,-72,-77,2
-37,-56,-53,-43,-63,-72,-77,2
-51,-58,-52,-48,-68,-86,-84,3
-37,-58,-53,-43,-76,-66,-69,2
-34,-54,-61,-34,-70,-72,-73,2
-51,-55,-52,-48,-63,-87,-85,3
-62,-51,-61,-71,-67,-79,-80,1
-65,-60,-67,-66,-68,-84,-89,1
-58,-54,-53,-64,-51,-87,-91,4
-53,-56,-46,-51,-62,-80,-80,3
-56,-55,-59,-68,-74,-84,-79,1
-60,-57,-58,-59,-70,-76,-80,1
-60,-61,-58,-63,-49,-84,-85,4
-52,-55,-51,-49,-64,-87,-84,3
-60,-58,-62,-61,-62,-81,-84,1
-60,-55,-46,-59,-49,-87,-83,4
-62,-50,-57,-59,-72,-82,-84,1
-61,-55,-52,-61,-44,-88,-92,4
-52,-55,-56,-51,-69,-85,-85,3
-51,-55,-59,-51,-58,-87,-81,3
-36,-55,-53,-46,-63,-68,-71,2
-61,-56,-49,-60,-52,-91,-85,4
-62,-53,-52,-59,-48,-87,-92,4
-56,-52,-51,-57,-64,-86,-91,3
-63,-60,-58,-64,-66,-83,-90,1
-44,-53,-55,-48,-66,-79,-86,3
-42,-53,-50,-47,-66,-80,-69,2
-63,-54,-52,-59,-44,-86,-92,4
-50,-54,-49,-46,-64,-85,-77,3
-41,-59,-53,-40,-69,-80,-78,2
-41,-58,-66,-41,-73,-71,-79,2
-59,-59,-49,-62,-47,-82,-81,4
-65,-58,-62,-67,-77,-86,-91,1
-58,-56,-52,-58,-48,-87,-85,4
-62,-54,-60,-61,-71,-86,-80,1
-63,-59,-65,-62,-65,-83,-80,1
-56,-54,-48,-57,-51,-84,-89,4
-35,-53,-55,-47,-61,-66,-71,2
-52,-53,-57,-52,-57,-83,-83,3
-65,-62,-60,-65,-68,-83,-82,1
-48,-55,-58,-49,-67,-83,-88,3
-62,-54,-55,-61,-63,-84,-81,1
-64,-55,-52,-74,-53,-89,-80,4
-59,-54,-49,-60,-46,-86,-87,4
-61,-52,-49,-68,-45,-85,-92,4
-45,-54,-48,-49,-65,-78,-81,3
-37,-59,-57,-36,-64,-66,-70,2
-41,-58,-48,-40,-62,-72,-76,2
-47,-53,-49,-49,-66,-76,-80,3
-43,-57,-51,-52,-62,-79,-77,3
-46,-53,-52,-45,-62,-79,-78,3
-62,-58,-57,-65,-68,-83,-79,1
-37,-61,-55,-40,-63,-70,-67,2
-59,-53,-57,-62,-55,-88,-85,4
-61,-56,-58,-67,-68,-80,-81,1
-63,-58,-61,-67,-69,-86,-85,1
-47,-64,-57,-51,-64,-85,-78,3
-67,-59,-62,-66,-80,-96,-82,1
-62,-55,-58,-68,-69,-83,-88,1
-39,-55,-54,-48,-76,-73,-80,2
-63,-57,-62,-65,-76,-82,-88,1
-52,-55,-51,-49,-62,-86,-84,3
-62,-58,-49,-64,-42,-86,-89,4
-65,-53,-53,-57,-64,-87,-80,1
-46,-51,-50,-48,-64,-82,-78,3
-45,-57,-59,-43,-71,-74,-79,2
-60,-55,-58,-61,-72,-83,-82,1
-52,-52,-49,-49,-58,-77,-84,3
-62,-54,-60,-61,-70,-79,-81,1
-37,-50,-56,-39,-67,-69,-70,2
-57,-50,-47,-58,-46,-88,-88,4
-62,-51,-53,-60,-67,-78,-85,1
-60,-57,-58,-58,-50,-83,-88,4
-68,-55,-67,-70,-76,-82,-81,1
-63,-59,-45,-65,-47,-89,-92,4
-63,-56,-51,-57,-45,-88,-88,4
-42,-55,-49,-45,-64,-70,-65,2
-65,-56,-49,-61,-44,-88,-91,4
-50,-49,-52,-56,-69,-80,-81,3
-60,-53,-52,-62,-50,-91,-88,4
-38,-57,-61,-38,-69,-73,-70,2
-51,-54,-54,-54,-62,-85,-78,3
-64,-61,-62,-65,-70,-85,-87,1
-41,-59,-54,-41,-58,-80,-80,2
-35,-57,-54,-35,-64,-78,-76,2
-61,-58,-53,-57,-45,-86,-90,4
-56,-55,-44,-61,-51,-84,-87,4
-61,-56,-65,-59,-68,-86,-88,1
-40,-63,-64,-50,-64,-75,-78,2
-62,-63,-52,-70,-48,-87,-87,4
-45,-63,-60,-53,-67,-83,-85,3
-57,-61,-54,-64,-48,-87,-91,4
-49,-49,-53,-48,-63,-84,-88,3
-51,-55,-53,-50,-63,-79,-86,3
-39,-57,-55,-37,-67,-70,-73,2
-66,-58,-58,-68,-73,-85,-78,1
-65,-57,-45,-69,-48,-91,-94,4
-40,-53,-55,-37,-71,-75,-74,2
-62,-60,-66,-68,-80,-86,-91,1
-62,-59,-46,-65,-45,-87,-88,4
-61,-52,-60,-61,-68,-80,-84,1
-50,-56,-51,-49,-67,-84,-81,3
-38,-54,-53,-42,-69,-72,-66,2
-63,-58,-52,-59,-51,-88,-94,4
-51,-51,-45,-53,-59,-84,-76,3
-64,-57,-56,-63,-68,-85,-81,1
-61,-59,-62,-65,-66,-81,-83,1
-66,-54,-54,-64,-47,-89,-86,4
-74,-62,-66,-70,-76,-89,-87,1
-60,-56,-62,-61,-69,-82,-81,1
-57,-50,-58,-60,-51,-87,-88,4
-52,-56,-50,-56,-69,-79,-78,3
-59,-52,-44,-57,-49,-85,-87,4
-62,-51,-58,-65,-72,-80,-88,1
-72,-59,-65,-75,-81,-84,-91,1
-58,-58,-61,-59,-69,-81,-80,1
-59,-56,-55,-59,-54,-87,-88,4
-59,-50,-55,-59,-53,-86,-87,4
-59,-52,-61,-61,-76,-75,-78,1
-64,-57,-53,-61,-50,-86,-98,4
-52,-51,-49,-56,-65,-81,-83,3
-52,-56,-52,-50,-65,-86,-84,3
-58,-54,-58,-62,-75,-81,-81,1
-66,-58,-47,-68,-47,-88,-91,4
-65,-57,-54,-70,-50,-88,-85,4
-63,-56,-63,-65,-72,-82,-89,1
-69,-61,-62,-62,-75,-85,-84,1
-64,-55,-55,-62,-49,-93,-85,4
-48,-47,-52,-56,-61,-77,-77,3
-50,-58,-54,-51,-60,-80,-82,3
-58,-55,-53,-59,-52,-81,-84,4
-60,-57,-56,-65,-50,-96,-87,4
-65,-60,-62,-63,-75,-85,-82,1
-35,-52,-55,-38,-62,-66,-85,2
-68,-57,-62,-68,-77,-91,-86,1
-61,-59,-54,-65,-66,-81,-89,1
-46,-54,-53,-48,-71,-78,-73,2
-59,-52,-55,-59,-52,-88,-87,4
-57,-61,-56,-60,-53,-86,-86,4
-50,-53,-52,-50,-61,-79,-83,3
-62,-58,-54,-61,-52,-88,-85,4
-56,-52,-50,-57,-53,-87,-86,4
-45,-58,-59,-42,-66,-81,-75,2
-64,-64,-58,-75,-68,-82,-80,1
-46,-53,-54,-52,-64,-79,-84,3
-42,-56,-52,-36,-75,-68,-81,2
-60,-54,-57,-60,-66,-80,-88,1
-68,-57,-61,-65,-71,-85,-85,1
-61,-60,-68,-62,-77,-90,-80,1
-46,-60,-56,-47,-66,-83,-85,3
-52,-52,-51,-51,-74,-86,-80,3
-56,-54,-47,-59,-52,-84,-91,4
-48,-57,-54,-47,-66,-79,-79,3
-60,-58,-57,-65,-69,-80,-89,1
-37,-54,-55,-37,-67,-71,-70,2
-64,-60,-45,-66,-52,-92,-92,4
-67,-56,-65,-68,-69,-83,-82,1
-67,-61,-63,-65,-71,-81,-87,1
-35,-56,-52,-36,-72,-69,-67,2
-61,-59,-56,-64,-50,-85,-87,4
-53,-62,-57,-49,-61,-88,-87,3
-49,-55,-49,-49,-60,-81,-81,3
-65,-58,-56,-61,-49,-89,-88,4
-37,-56,-55,-38,-71,-75,-78,2
-41,-57,-55,-43,-65,-71,-76,2
-34,-61,-52,-27,-61,-67,-69,2
-59,-57,-52,-71,-49,-92,-88,4
-35,-58,-61,-38,-67,-71,-71,2
-58,-50,-43,-56,-55,-83,-87,4
-51,-52,-56,-56,-63,-79,-80,3
-58,-55,-51,-61,-44,-88,-86,4
-55,-53,-51,-62,-56,-85,-87,4
-60,-57,-58,-64,-70,-84,-79,1
-67,-60,-59,-61,-71,-86,-91,1
-63,-56,-52,-65,-47,-82,-92,4
-46,-56,-54,-51,-62,-80,-79,3
-63,-57,-63,-64,-67,-81,-83,1
-56,-54,-58,-62,-68,-77,-81,1
-64,-59,-65,-64,-74,-88,-90,1
-58,-57,-66,-61,-68,-85,-83,1
-45,-59,-56,-54,-64,-84,-78,3
-64,-57,-63,-59,-69,-82,-86,1
-63,-53,-59,-62,-45,-88,-86,4
-49,-56,-59,-49,-74,-82,-80,2
-61,-56,-52,-58,-52,-82,-85,4
-65,-62,-62,-65,-77,-84,-85,1
-51,-60,-52,-52,-67,-79,-91,3
-59,-51,-57,-59,-53,-87,-92,4
-67,-56,-52,-64,-51,-89,-85,4
-45,-56,-55,-46,-68,-79,-78,3
-55,-60,-50,-55,-63,-88,-87,3
-58,-59,-56,-60,-50,-86,-83,4
-57,-55,-50,-57,-49,-84,-85,4
-36,-55,-55,-36,-60,-73,-72,2
-46,-58,-54,-49,-62,-81,-88,3
-40,-56,-57,-35,-84,-70,-66,2
-62,-56,-59,-68,-74,-95,-84,1
-60,-59,-58,-63,-72,-82,-79,1
-47,-57,-50,-45,-60,-82,-84,3
-59,-56,-50,-60,-52,-81,-85,4
-49,-47,-51,-52,-62,-89,-80,3
-61,-56,-63,-62,-73,-87,-91,1
-64,-54,-56,-66,-52,-88,-85,4
-50,-59,-60,-51,-64,-86,-85,3
-48,-46,-50,-54,-63,-87,-77,3
-49,-54,-53,-55,-67,-77,-86,3
-61,-57,-51,-56,-46,-88,-85,4
-52,-57,-61,-59,-59,-85,-85,3
-49,-56,-60,-47,-72,-80,-79,2
-61,-54,-64,-59,-68,-86,-88,1
-62,-55,-54,-62,-69,-79,-81,1
-51,-52,-58,-49,-60,-84,-74,3
-64,-57,-63,-71,-77,-87,-83,1
-63,-59,-51,-72,-55,-96,-92,4
-59,-52,-58,-65,-66,-82,-80,1
-40,-55,-49,-40,-61,-69,-66,2
-63,-61,-49,-58,-46,-92,-83,4
-66,-55,-64,-71,-75,-94,-83,1
-56,-51,-45,-54,-52,-79,-85,4
-70,-64,-66,-73,-78,-87,-94,1
-61,-55,-45,-57,-53,-91,-82,4
-69,-58,-56,-61,-73,-81,-93,1
-58,-60,-50,-61,-50,-87,-78,4
-40,-57,-47,-42,-64,-74,-71,2
-44,-56,-54,-52,-63,-80,-79,3
-62,-53,-48,-61,-50,-85,-86,4
-45,-57,-55,-48,-67,-77,-84,2
-61,-58,-52,-61,-45,-92,-81,4
-37,-53,-51,-37,-66,-71,-75,2
-65,-54,-65,-70,-74,-83,-82,1
-63,-58,-50,-63,-48,-91,-85,4
-54,-59,-52,-63,-62,-76,-81,3
-48,-52,-52,-56,-68,-81,-84,3
-38,-54,-51,-37,-66,-74,-76,2
-40,-50,-49,-51,-65,-75,-80,2
-58,-50,-54,-60,-53,-86,-89,4
-67,-64,-47,-64,-50,-88,-91,4
-43,-55,-53,-52,-60,-78,-86,3
-63,-61,-61,-68,-72,-87,-92,1
-57,-56,-58,-58,-66,-85,-80,1
-70,-62,-68,-65,-81,-89,-83,1
-59,-54,-58,-59,-63,-81,-80,1
-63,-58,-62,-71,-74,-92,-94,1
-47,-53,-55,-57,-62,-80,-78,3
-66,-57,-55,-65,-48,-91,-87,4
-38,-56,-53,-28,-71,-67,-72,2
-51,-52,-51,-55,-66,-78,-89,3
-36,-56,-56,-37,-59,-66,-75,2
-64,-58,-51,-59,-40,-88,-87,4
-61,-60,-50,-63,-45,-88,-91,4
-59,-51,-58,-57,-64,-76,-85,1
-47,-55,-57,-50,-64,-80,-85,3
-50,-58,-51,-52,-60,-81,-79,3
-38,-55,-57,-41,-66,-73,-69,2
-59,-55,-48,-59,-46,-86,-83,4
-38,-55,-51,-43,-64,-73,-73,2
-57,-55,-57,-59,-48,-85,-84,4
-73,-62,-66,-65,-81,-87,-89,1
-53,-58,-50,-48,-64,-88,-80,3
-66,-59,-45,-67,-52,-93,-92,4
-58,-55,-50,-54,-48,-80,-86,4
-64,-59,-68,-67,-74,-82,-82,1
-60,-60,-51,-64,-53,-87,-87,4
-64,-52,-57,-61,-66,-82,-81,1
-68,-58,-65,-65,-76,-87,-82,1
-62,-52,-61,-66,-65,-85,-89,1
-45,-53,-55,-50,-63,-83,-82,3
-55,-56,-47,-54,-49,-81,-79,4
-61,-54,-52,-65,-49,-85,-91,4
-65,-61,-64,-68,-77,-86,-89,1
-59,-57,-60,-58,-67,-80,-79,1
-43,-59,-51,-53,-61,-83,-85,3
-60,-50,-49,-54,-71,-83,-82,3
-47,-56,-58,-56,-62,-81,-83,3
-67,-57,-64,-71,-75,-89,-87,1
-60,-56,-56,-64,-67,-84,-85,1
-35,-54,-54,-35,-59,-73,-70,2
-59,-53,-57,-59,-50,-88,-88,4
-59,-54,-48,-62,-47,-85,-89,4
-61,-53,-52,-60,-72,-75,-81,1
-37,-56,-58,-45,-65,-67,-72,2
-51,-55,-51,-49,-61,-82,-81,3
-51,-63,-51,-52,-66,-79,-89,3
-57,-57,-59,-61,-67,-80,-83,1
-68,-55,-66,-68,-75,-82,-83,1
-49,-60,-56,-50,-63,-84,-87,3
-37,-57,-51,-39,-71,-71,-72,2
-62,-55,-63,-61,-68,-81,-83,1
-36,-56,-62,-36,-80,-71,-69,2
-41,-55,-53,-37,-64,-79,-76,2
-61,-52,-58,-59,-70,-76,-79,1
-64,-54,-58,-69,-65,-86,-86,1
-51,-55,-50,-53,-62,-78,-84,3
-58,-51,-56,-58,-50,-88,-88,4
-36,-57,-58,-36,-62,-74,-73,2
-41,-57,-51,-40,-66,-78,-71,2
-52,-54,-49,-52,-58,-81,-82,3
-54,-57,-50,-61,-53,-83,-82,4
-55,-51,-51,-55,-59,-89,-78,3
-59,-56,-49,-57,-45,-88,-88,4
-61,-53,-53,-61,-63,-77,-81,1
-43,-55,-54,-47,-67,-77,-79,2
-48,-55,-53,-51,-63,-82,-86,3
-52,-56,-51,-48,-64,-87,-84,3
-64,-56,-51,-65,-49,-91,-94,4
-66,-56,-57,-66,-73,-84,-87,1
-53,-52,-48,-50,-62,-81,-80,3
-63,-59,-61,-62,-78,-90,-82,1
-59,-56,-58,-66,-51,-92,-88,4
-38,-56,-56,-37,-62,-67,-67,2
-61,-58,-60,-62,-70,-81,-85,1
-73,-63,-65,-70,-80,-89,-93,1
-59,-51,-54,-60,-50,-87,-86,4
-68,-55,-63,-61,-74,-79,-85,1
-57,-54,-56,-56,-68,-79,-82,1
-62,-58,-58,-63,-68,-82,-84,1
-43,-55,-55,-44,-68,-76,-79,2
-67,-56,-65,-68,-82,-96,-89,1
-66,-57,-55,-64,-52,-91,-87,4
-62,-57,-60,-65,-72,-83,-87,1
-52,-48,-56,-53,-62,-78,-81,3
-40,-56,-53,-42,-65,-72,-70,2
-62,-58,-61,-68,-70,-85,-86,1
-62,-56,-67,-63,-68,-82,-86,1
-45,-58,-55,-38,-68,-76,-75,2
-62,-51,-58,-61,-63,-77,-80,1
-59,-50,-51,-59,-51,-83,-85,4
-49,-62,-56,-50,-63,-83,-89,3
-56,-51,-52,-59,-48,-87,-82,4
-56,-55,-43,-57,-52,-93,-85,4
-40,-55,-53,-35,-64,-70,-82,2
-39,-54,-53,-45,-68,-78,-81,2
-40,-58,-47,-41,-65,-73,-70,2
-38,-52,-50,-41,-69,-68,-72,2
-58,-54,-52,-61,-53,-85,-89,4
-65,-54,-60,-64,-65,-87,-82,1
-47,-57,-56,-51,-64,-80,-86,3
-37,-60,-53,-37,-64,-68,-67,2
-61,-55,-56,-66,-73,-79,-80,1
-35,-58,-54,-36,-69,-69,-73,2
-64,-59,-51,-62,-51,-88,-91,4
-60,-54,-53,-64,-47,-85,-86,4
-61,-49,-42,-66,-43,-80,-91,4
-67,-55,-56,-64,-50,-88,-87,4
-63,-57,-47,-64,-49,-86,-81,4
-34,-55,-55,-36,-62,-70,-71,2
-45,-58,-54,-46,-69,-87,-77,2
-50,-56,-48,-48,-63,-80,-91,3
-52,-60,-59,-40,-60,-81,-81,3
-59,-50,-59,-59,-55,-85,-87,4
-58,-55,-51,-66,-54,-86,-85,4
-51,-54,-51,-53,-60,-86,-79,3
-52,-64,-54,-54,-68,-85,-79,3
-49,-50,-55,-60,-61,-78,-81,3
-62,-49,-59,-63,-62,-80,-79,1
-47,-51,-54,-50,-64,-75,-82,3
-61,-51,-60,-63,-66,-82,-87,1
-63,-59,-53,-70,-46,-86,-88,4
-63,-52,-56,-59,-66,-80,-80,1
-49,-59,-57,-50,-72,-80,-91,3
-36,-60,-57,-37,-68,-66,-77,2
-58,-58,-51,-57,-49,-86,-90,4
-59,-56,-58,-68,-62,-80,-81,1
-53,-56,-54,-53,-62,-88,-85,3
-42,-58,-63,-41,-75,-69,-67,2
-38,-54,-50,-42,-60,-71,-67,2
-40,-58,-49,-41,-75,-71,-70,2
-53,-58,-51,-51,-62,-84,-85,3
-57,-52,-48,-58,-51,-86,-87,4
-60,-55,-47,-59,-54,-91,-80,4
-66,-57,-56,-64,-49,-89,-87,4
-48,-53,-51,-43,-64,-74,-77,3
-61,-58,-60,-64,-73,-81,-82,1
-60,-59,-51,-59,-53,-88,-88,4
-57,-51,-49,-64,-52,-88,-81,4
-39,-53,-56,-48,-66,-69,-72,2
-65,-52,-46,-64,-49,-88,-87,4
-59,-59,-48,-66,-50,-86,-94,4
-61,-62,-54,-69,-46,-93,-98,4
-52,-53,-50,-52,-63,-84,-88,3
-63,-53,-47,-58,-46,-90,-81,4
-52,-54,-53,-50,-68,-78,-85,3
-64,-56,-60,-61,-67,-78,-85,1
-61,-54,-48,-64,-49,-89,-81,4
-56,-58,-48,-60,-51,-85,-85,4
-49,-52,-61,-52,-61,-82,-88,3
-66,-55,-63,-65,-68,-85,-90,1
-48,-57,-60,-44,-71,-85,-77,2
-39,-56,-55,-41,-62,-69,-75,2
-66,-57,-64,-62,-68,-87,-88,1
-37,-56,-58,-36,-80,-72,-70,2
-58,-65,-47,-71,-51,-86,-83,4
-47,-55,-55,-49,-67,-85,-80,3
-59,-55,-46,-66,-50,-86,-91,4
-49,-56,-49,-52,-64,-83,-80,3
-63,-58,-54,-69,-43,-91,-92,4
-64,-57,-62,-67,-68,-83,-84,1
-40,-53,-49,-41,-71,-66,-65,2
-58,-49,-50,-61,-51,-83,-87,4
-50,-59,-55,-47,-72,-79,-80,3
-60,-58,-57,-68,-50,-96,-87,4
-51,-56,-60,-48,-60,-86,-83,3
-62,-57,-44,-61,-44,-89,-87,4
-51,-58,-55,-54,-67,-86,-83,3
-40,-53,-50,-40,-62,-69,-65,2
-46,-52,-53,-44,-60,-79,-86,3
-49,-59,-57,-49,-67,-85,-83,3
-38,-51,-53,-37,-67,-67,-68,2
-57,-57,-51,-60,-53,-85,-89,4
-58,-51,-59,-63,-69,-81,-80,1
-62,-57,-61,-63,-65,-83,-82,1
-42,-52,-56,-43,-64,-76,-74,2
-46,-54,-53,-48,-64,-78,-79,3
-48,-53,-51,-50,-66,-79,-86,3
-60,-57,-66,-60,-68,-87,-89,1
-56,-54,-43,-60,-50,-86,-85,4
-52,-53,-53,-56,-64,-78,-88,3
-50,-53,-50,-55,-68,-78,-87,3
-38,-60,-57,-39,-70,-70,-74,2
-51,-56,-51,-58,-58,-80,-86,3
-57,-56,-47,-58,-44,-88,-82,4
-65,-52,-46,-65,-49,-88,-87,4
-67,-55,-68,-67,-74,-83,-83,1
-62,-56,-61,-63,-65,-83,-89,1
-61,-53,-54,-58,-71,-82,-86,1
-65,-55,-55,-67,-63,-82,-89,1
-61,-55,-45,-55,-56,-85,-85,4
-39,-56,-54,-48,-61,-78,-67,2
-51,-62,-59,-52,-68,-85,-78,3
-51,-51,-52,-52,-63,-84,-78,3
-67,-57,-60,-60,-75,-83,-87,1
-50,-49,-57,-49,-61,-82,-86,3
-60,-53,-60,-62,-73,-81,-82,1
-62,-58,-57,-58,-69,-94,-77,1
-26,-57,-53,-37,-67,-72,-69,2
-38,-50,-49,-42,-69,-73,-77,2
-41,-57,-63,-40,-73,-66,-65,2
-48,-56,-50,-45,-61,-80,-80,3
-59,-57,-53,-61,-63,-79,-87,1
-65,-61,-65,-67,-69,-87,-84,1
-55,-57,-49,-52,-53,-82,-86,4
-66,-56,-54,-69,-65,-82,-82,1
-51,-54,-53,-55,-66,-77,-85,3
-52,-57,-50,-52,-65,-79,-77,3
-61,-56,-64,-61,-72,-83,-86,1
-60,-52,-51,-59,-73,-79,-81,1
-52,-53,-49,-50,-69,-79,-87,3
-55,-54,-43,-60,-51,-84,-88,4
-65,-56,-54,-63,-49,-92,-89,4
-57,-53,-50,-61,-56,-84,-83,4
-63,-57,-60,-69,-49,-93,-93,4
-48,-56,-49,-52,-60,-82,-73,3
-40,-54,-52,-39,-65,-70,-74,2
-48,-54,-54,-49,-67,-77,-89,3
-40,-54,-54,-45,-71,-76,-74,2
-57,-56,-48,-59,-47,-86,-89,4
-64,-52,-63,-62,-71,-84,-79,1
-62,-59,-61,-66,-75,-86,-80,1
-57,-56,-48,-66,-49,-84,-91,4
-49,-52,-48,-44,-59,-80,-78,3
-62,-58,-50,-58,-47,-95,-87,4
-61,-59,-63,-60,-69,-87,-88,1
-53,-47,-54,-53,-59,-83,-84,3
-53,-54,-56,-52,-63,-81,-85,3
-57,-52,-46,-60,-43,-88,-85,4
-62,-56,-56,-61,-68,-81,-86,1
-59,-54,-60,-60,-66,-83,-78,1
-51,-52,-51,-51,-65,-77,-89,3
-66,-57,-59,-64,-69,-82,-84,1
-63,-54,-47,-64,-50,-83,-88,4
-66,-59,-64,-68,-68,-97,-83,1
-66,-58,-64,-67,-71,-85,-87,1
-61,-56,-55,-63,-47,-85,-89,4
-44,-52,-56,-47,-63,-71,-75,2
-48,-57,-52,-51,-62,-86,-81,3
-38,-58,-54,-38,-67,-72,-71,2
-48,-56,-54,-39,-67,-78,-82,2
-48,-58,-52,-53,-61,-88,-83,3
-62,-57,-50,-62,-49,-93,-86,4
-57,-58,-56,-55,-71,-84,-87,3
-53,-55,-55,-53,-66,-79,-86,3
-58,-57,-49,-64,-49,-89,-81,4
-50,-52,-53,-53,-67,-86,-85,3
-64,-56,-64,-70,-80,-91,-84,1
-59,-49,-53,-59,-62,-81,-83,1
-62,-54,-48,-62,-48,-86,-86,4
-58,-55,-50,-60,-48,-87,-93,4
-57,-57,-54,-58,-56,-84,-87,4
-63,-57,-66,-63,-68,-82,-82,1
-61,-58,-46,-69,-53,-82,-81,4
-55,-52,-46,-59,-53,-88,-84,4
-51,-48,-56,-53,-61,-80,-79,3
-61,-52,-54,-63,-64,-84,-82,1
-64,-56,-58,-71,-69,-88,-84,1
-50,-53,-52,-55,-67,-77,-88,3
-58,-53,-42,-61,-51,-87,-82,4
-57,-60,-47,-59,-50,-79,-88,4
-58,-61,-52,-61,-53,-85,-88,4
-59,-53,-57,-60,-51,-87,-88,4
-38,-53,-51,-39,-68,-76,-72,2
-48,-53,-50,-55,-66,-83,-82,3
-36,-57,-61,-38,-63,-79,-71,2
-72,-63,-64,-70,-81,-85,-87,1
-63,-55,-63,-62,-68,-89,-85,1
-52,-57,-58,-57,-68,-86,-83,3
-52,-54,-51,-49,-63,-87,-84,3
-49,-62,-52,-49,-63,-82,-83,3
-37,-59,-54,-39,-72,-75,-70,2
-63,-57,-64,-69,-75,-85,-83,1
-57,-54,-59,-63,-65,-80,-80,1
-49,-52,-52,-51,-63,-78,-74,3
-42,-60,-56,-44,-74,-76,-80,2
-56,-50,-51,-60,-58,-81,-84,4
-58,-51,-59,-65,-74,-86,-82,1
-46,-53,-53,-43,-59,-83,-78,3
-61,-57,-53,-65,-50,-87,-91,4
-49,-53,-52,-52,-64,-74,-84,3
-66,-57,-60,-68,-74,-82,-88,1
-45,-50,-50,-55,-57,-76,-75,3
-68,-56,-65,-67,-76,-87,-85,1
-43,-56,-59,-37,-64,-74,-77,2
-51,-54,-54,-55,-58,-88,-85,3
-63,-53,-52,-64,-47,-93,-86,4
-52,-64,-54,-56,-70,-84,-78,3
-58,-54,-53,-60,-47,-82,-83,4
-50,-52,-52,-50,-67,-78,-89,3
-43,-60,-55,-46,-71,-76,-79,2
-60,-50,-57,-60,-50,-89,-86,4
-66,-58,-56,-66,-79,-86,-93,1
-46,-56,-52,-51,-62,-85,-81,3
-54,-52,-53,-43,-68,-79,-79,3
-46,-49,-51,-45,-62,-79,-79,3
-63,-59,-57,-65,-69,-80,-86,1
-49,-52,-48,-52,-62,-78,-75,3
-54,-55,-50,-49,-60,-84,-81,3
-61,-58,-48,-57,-52,-91,-92,4
-63,-58,-58,-64,-66,-81,-83,1
-57,-56,-54,-69,-75,-83,-81,1
-38,-53,-53,-38,-66,-70,-69,2
-48,-61,-57,-51,-67,-83,-76,3
-36,-53,-50,-37,-70,-72,-72,2
-65,-59,-61,-67,-72,-86,-81,1
-61,-55,-62,-62,-65,-82,-81,1
-59,-58,-48,-65,-53,-83,-90,4
-43,-53,-53,-38,-63,-76,-73,2
-68,-57,-54,-64,-51,-89,-87,4
-62,-62,-55,-64,-42,-86,-92,4
-51,-55,-51,-48,-63,-88,-84,3
-58,-53,-52,-62,-51,-85,-83,4
-58,-52,-51,-59,-49,-82,-86,4
-35,-53,-58,-44,-63,-68,-71,2
-43,-57,-52,-40,-58,-72,-70,2
-62,-56,-61,-65,-74,-78,-76,1
-50,-49,-54,-48,-62,-79,-75,3
-61,-60,-53,-61,-52,-87,-87,4
-57,-54,-54,-59,-51,-88,-87,4
-64,-54,-52,-58,-52,-89,-88,4
-39,-51,-50,-43,-63,-71,-66,2
-51,-52,-48,-48,-62,-85,-78,3
-59,-55,-48,-59,-52,-86,-85,4
-62,-60,-61,-66,-69,-80,-86,1
-27,-59,-56,-38,-62,-75,-79,2
-60,-54,-54,-60,-64,-88,-88,4
-72,-62,-63,-76,-81,-84,-91,1
-47,-51,-56,-50,-60,-78,-80,3
-50,-55,-57,-48,-80,-81,-76,2
-65,-58,-67,-67,-70,-87,-84,1
-45,-60,-59,-52,-57,-83,-85,3
-59,-57,-56,-65,-49,-92,-91,4
-65,-56,-55,-65,-68,-85,-93,1
-59,-52,-55,-59,-55,-88,-85,4
-60,-52,-45,-58,-51,-87,-80,4
-51,-52,-52,-50,-69,-78,-86,3
-52,-54,-52,-49,-63,-86,-81,3
-39,-62,-58,-37,-69,-73,-72,2
-61,-55,-46,-57,-46,-83,-85,4
-59,-57,-59,-64,-73,-79,-84,1
-59,-51,-55,-59,-53,-88,-88,4
-42,-54,-51,-47,-64,-70,-65,2
-64,-59,-46,-65,-48,-91,-91,4
-60,-62,-66,-66,-71,-84,-85,1
-34,-57,-55,-35,-59,-71,-69,2
-44,-54,-54,-45,-73,-71,-79,2
-35,-54,-59,-46,-62,-66,-70,2
-40,-59,-59,-39,-73,-71,-72,2
-49,-53,-50,-48,-67,-78,-88,3
-51,-62,-53,-51,-64,-86,-79,3
-62,-63,-57,-69,-71,-82,-82,1
-37,-54,-55,-42,-63,-71,-78,2
-59,-50,-45,-60,-45,-88,-87,4
-52,-53,-51,-55,-65,-78,-88,3
-60,-55,-60,-59,-67,-81,-87,1
-51,-51,-54,-53,-59,-86,-85,3
-59,-52,-61,-57,-69,-83,-78,1
-52,-57,-50,-51,-65,-79,-79,3
-46,-48,-52,-52,-62,-77,-80,3
-63,-57,-53,-63,-48,-85,-92,4
-61,-55,-59,-58,-66,-79,-78,1
-50,-52,-54,-55,-64,-83,-74,3
-59,-53,-55,-60,-51,-87,-87,4
-60,-52,-59,-65,-66,-82,-80,1
-62,-52,-57,-60,-70,-81,-74,1
-48,-59,-53,-45,-74,-81,-81,3
-42,-59,-57,-51,-62,-72,-76,2
-63,-58,-65,-66,-73,-86,-89,1
-56,-55,-50,-59,-62,-84,-86,4
-61,-61,-51,-62,-54,-85,-91,4
-38,-53,-52,-40,-63,-73,-77,2
-45,-52,-59,-43,-71,-74,-79,2
-55,-56,-48,-60,-55,-84,-84,4
-67,-56,-60,-66,-73,-93,-87,1
-51,-55,-46,-54,-63,-84,-79,3
-47,-57,-49,-46,-63,-84,-86,3
-40,-55,-66,-39,-75,-73,-78,2
-49,-55,-51,-49,-63,-81,-73,3
-59,-51,-56,-59,-51,-87,-86,4
-49,-55,-53,-48,-61,-79,-78,3
-61,-59,-52,-55,-48,-91,-84,4
-60,-58,-56,-65,-68,-79,-86,1
-42,-61,-63,-44,-74,-76,-75,2
-61,-61,-52,-68,-45,-88,-88,4
-34,-60,-52,-37,-71,-66,-75,2
-41,-56,-56,-38,-72,-67,-70,2
-62,-56,-61,-67,-67,-81,-85,1
-60,-53,-48,-61,-46,-85,-85,4
-54,-55,-52,-50,-58,-78,-86,3
-41,-54,-59,-41,-60,-76,-74,2
-60,-50,-48,-55,-46,-79,-87,4
-62,-57,-56,-63,-66,-84,-82,1
-62,-57,-58,-63,-70,-85,-86,1
-60,-58,-56,-66,-51,-85,-89,4
-59,-52,-50,-55,-55,-87,-85,4
-65,-60,-62,-68,-69,-84,-89,1
-43,-54,-59,-40,-68,-76,-74,2
-59,-51,-56,-58,-50,-88,-86,4
-61,-54,-54,-67,-60,-81,-83,1
-58,-53,-48,-58,-54,-88,-89,4
-65,-58,-64,-69,-81,-88,-90,1
-63,-58,-56,-66,-73,-87,-83,1
-65,-56,-63,-71,-77,-89,-85,1
-52,-57,-53,-49,-61,-88,-85,3
-35,-59,-57,-42,-66,-71,-70,2
-49,-54,-52,-52,-63,-83,-85,3
-57,-54,-49,-61,-43,-79,-85,4
-68,-57,-60,-61,-73,-87,-87,1
-52,-52,-52,-49,-62,-80,-80,3
-50,-52,-52,-47,-65,-77,-89,3
-61,-57,-50,-59,-46,-91,-89,4
-60,-61,-49,-60,-50,-89,-88,4
-62,-52,-59,-62,-64,-80,-81,1
-58,-51,-56,-59,-54,-87,-87,4
-38,-51,-53,-38,-63,-72,-73,2
-62,-58,-59,-66,-68,-87,-88,1
-59,-53,-49,-56,-47,-87,-82,4
-49,-54,-50,-55,-63,-85,-81,3
-64,-60,-63,-63,-72,-86,-84,1
-34,-62,-57,-36,-61,-71,-71,2
-60,-59,-56,-63,-64,-82,-81,1
-61,-58,-60,-61,-74,-78,-83,1
-46,-58,-53,-48,-60,-79,-79,3
-42,-54,-54,-43,-59,-74,-72,2
-59,-50,-57,-60,-49,-91,-86,4
-44,-50,-57,-45,-61,-72,-67,2
-47,-58,-51,-43,-65,-80,-80,3
-59,-56,-49,-58,-52,-88,-84,4
-60,-53,-59,-64,-70,-80,-90,1
-50,-56,-53,-40,-65,-86,-80,3
-52,-55,-52,-49,-63,-88,-85,3
-38,-59,-61,-36,-68,-69,-73,2
-35,-57,-59,-36,-63,-74,-75,2
-37,-55,-55,-42,-69,-66,-69,2
-39,-56,-53,-40,-69,-75,-72,2
-59,-55,-63,-67,-66,-82,-86,1
-61,-57,-51,-56,-49,-88,-85,4
-39,-57,-55,-42,-61,-74,-75,2
-62,-58,-62,-65,-75,-90,-81,1
-58,-56,-51,-65,-53,-87,-87,4
-58,-52,-64,-64,-66,-88,-83,1
-50,-54,-51,-50,-66,-87,-85,3
-61,-58,-50,-59,-52,-84,-84,4
-53,-54,-54,-51,-61,-84,-77,3
-41,-60,-54,-43,-73,-80,-74,2
-64,-55,-54,-64,-68,-89,-81,1
-50,-52,-52,-56,-67,-80,-89,3
-35,-58,-50,-35,-62,-72,-67,2
-39,-51,-64,-38,-71,-78,-78,2
-61,-59,-62,-61,-66,-80,-88,1
-61,-56,-61,-74,-69,-87,-89,1
-63,-48,-54,-65,-67,-82,-80,1
-44,-58,-63,-39,-80,-71,-72,2
-65,-59,-66,-65,-68,-82,-85,1
-62,-61,-52,-69,-42,-88,-92,4
-64,-57,-60,-70,-69,-86,-83,1
-65,-59,-61,-67,-70,-80,-83,1
-58,-53,-44,-62,-52,-84,-88,4
-56,-54,-49,-58,-48,-83,-84,4
-66,-57,-62,-61,-74,-81,-89,1
-37,-54,-53,-36,-65,-76,-72,2
-46,-56,-60,-46,-65,-84,-85,3
-67,-61,-63,-64,-71,-85,-84,1
-60,-54,-50,-70,-48,-84,-84,4
-61,-54,-50,-63,-42,-92,-93,4
-50,-56,-47,-52,-58,-88,-76,3
-36,-55,-50,-41,-66,-72,-69,2
-58,-54,-49,-60,-55,-91,-93,4
-58,-54,-46,-55,-50,-87,-91,4
-34,-48,-51,-37,-70,-78,-69,2
-62,-56,-49,-58,-45,-85,-82,4
-52,-55,-52,-50,-61,-86,-84,3
-35,-51,-53,-37,-63,-72,-76,2
-62,-62,-49,-66,-47,-93,-80,4
-58,-56,-47,-62,-36,-85,-84,4
-48,-52,-49,-52,-63,-79,-77,3
-66,-56,-56,-66,-49,-89,-87,4
-63,-57,-59,-67,-71,-82,-93,1
-59,-54,-51,-59,-58,-80,-87,4
-66,-57,-61,-61,-73,-81,-90,1
-59,-55,-62,-64,-68,-77,-86,1
-38,-54,-55,-36,-60,-71,-75,2
-64,-54,-55,-59,-52,-88,-98,4
-59,-53,-49,-56,-49,-83,-88,4
-62,-59,-48,-65,-51,-87,-86,4
-52,-57,-51,-55,-65,-85,-85,3
-39,-59,-57,-42,-75,-78,-74,2
-44,-53,-51,-49,-60,-84,-76,3
-61,-54,-56,-59,-68,-82,-83,1
-60,-56,-59,-66,-68,-81,-83,1
-62,-58,-59,-59,-67,-80,-77,1
-63,-57,-55,-63,-49,-88,-81,4
-61,-55,-54,-69,-53,-84,-89,4
-36,-60,-57,-37,-80,-72,-72,2
-66,-60,-65,-62,-70,-85,-83,1
-59,-56,-50,-62,-47,-87,-90,4
-39,-56,-55,-39,-68,-74,-73,2
-64,-58,-47,-61,-52,-85,-86,4
-64,-57,-54,-69,-43,-88,-92,4
-51,-52,-53,-51,-59,-86,-78,3
-50,-55,-51,-57,-58,-86,-86,3
-50,-52,-51,-54,-67,-77,-88,3
-45,-53,-51,-36,-78,-72,-76,2
-38,-63,-61,-43,-64,-76,-76,2
-44,-57,-53,-46,-67,-78,-79,2
-57,-59,-58,-66,-67,-78,-82,1
-51,-53,-57,-51,-60,-76,-79,3
-63,-55,-50,-63,-50,-91,-85,4
-61,-54,-60,-60,-64,-79,-81,1
-40,-53,-51,-37,-78,-73,-77,2
-49,-64,-58,-53,-70,-84,-80,3
-53,-59,-48,-57,-66,-80,-77,3
-66,-57,-55,-65,-51,-88,-88,4
-38,-58,-62,-41,-64,-76,-73,2
-63,-54,-53,-65,-52,-92,-89,4
-52,-56,-50,-56,-66,-81,-80,3
-48,-58,-58,-44,-71,-77,-79,2
-59,-55,-54,-64,-44,-86,-86,4
-67,-52,-46,-66,-47,-89,-87,4
-62,-59,-59,-64,-65,-80,-81,1
-64,-59,-53,-63,-52,-87,-83,4
-59,-56,-56,-65,-49,-92,-88,4
-50,-54,-53,-46,-66,-78,-87,3
-51,-57,-52,-49,-60,-84,-83,3
-59,-58,-62,-67,-65,-80,-83,1
-47,-55,-52,-49,-59,-78,-71,2
-50,-55,-52,-47,-65,-83,-91,3
-52,-56,-53,-53,-70,-80,-78,3
-52,-56,-52,-49,-61,-86,-81,3
-51,-63,-55,-54,-69,-84,-79,3
-62,-60,-55,-67,-43,-88,-92,4
-61,-61,-49,-58,-54,-94,-85,4
-61,-59,-58,-62,-65,-78,-78,1
-41,-60,-65,-51,-72,-74,-78,2
-70,-64,-63,-69,-83,-85,-87,1
-45,-58,-62,-40,-73,-70,-67,2
-40,-50,-52,-48,-68,-73,-71,2
-49,-56,-58,-42,-77,-76,-78,2
-48,-53,-54,-45,-61,-86,-83,3
-63,-59,-61,-61,-66,-79,-80,1
-50,-58,-54,-50,-65,-79,-89,3
-38,-56,-52,-41,-76,-71,-66,2
-64,-54,-56,-65,-74,-85,-87,1
-66,-56,-59,-62,-67,-80,-78,1
-50,-57,-54,-44,-67,-85,-85,3
-35,-60,-54,-35,-61,-81,-80,2
-61,-54,-60,-62,-66,-79,-85,1
-68,-64,-66,-73,-81,-86,-83,1
-45,-46,-58,-53,-59,-77,-82,3
-61,-56,-63,-77,-67,-82,-96,1
-49,-52,-54,-52,-60,-83,-79,3
-46,-54,-50,-54,-59,-81,-77,3
-64,-59,-45,-65,-51,-93,-92,4
-39,-52,-56,-36,-64,-68,-69,2
-60,-53,-60,-67,-64,-81,-79,1
-60,-51,-61,-63,-64,-86,-81,1
-51,-55,-56,-49,-58,-84,-84,3
-71,-62,-63,-69,-75,-85,-87,1
-63,-58,-64,-67,-74,-87,-87,1
-59,-55,-58,-61,-67,-77,-79,1
-61,-54,-45,-54,-43,-88,-80,4
-47,-64,-53,-54,-60,-83,-84,3
-39,-58,-54,-39,-62,-71,-77,2
-52,-57,-49,-50,-66,-80,-80,3
-52,-58,-51,-53,-60,-80,-80,3
-44,-63,-67,-46,-63,-81,-78,2
-65,-61,-63,-63,-69,-82,-84,1
-57,-52,-56,-62,-52,-92,-85,4
-49,-54,-55,-53,-66,-73,-80,2
-37,-56,-58,-39,-66,-70,-72,2
-51,-54,-44,-52,-56,-79,-79,3
-56,-53,-64,-61,-72,-84,-81,1
-61,-61,-50,-64,-51,-84,-89,4
-44,-60,-52,-49,-63,-84,-84,3
-50,-62,-57,-45,-62,-81,-78,3
-47,-54,-49,-52,-58,-79,-86,3
-53,-48,-52,-52,-59,-81,-82,3
-52,-60,-52,-48,-70,-79,-79,3
-59,-56,-41,-54,-46,-89,-88,4
-44,-53,-52,-36,-70,-72,-76,2
-39,-56,-53,-49,-70,-80,-75,2
-51,-53,-54,-53,-62,-83,-82,3
-50,-54,-60,-43,-74,-76,-77,2
-62,-59,-62,-63,-74,-86,-81,1
-43,-58,-50,-45,-71,-68,-74,2
-40,-52,-50,-41,-64,-69,-66,2
-36,-55,-54,-40,-71,-71,-71,2
-44,-59,-63,-42,-72,-79,-80,2
-41,-56,-60,-39,-72,-74,-66,2
-64,-58,-60,-67,-68,-84,-81,1
-56,-50,-56,-62,-61,-79,-85,1
-59,-52,-57,-60,-49,-86,-88,4
-47,-58,-50,-55,-64,-76,-74,3
-62,-54,-58,-64,-65,-77,-85,1
-45,-58,-55,-46,-69,-75,-73,2
-35,-58,-55,-36,-62,-70,-73,2
-63,-58,-64,-66,-70,-81,-91,1
-36,-57,-56,-37,-69,-77,-72,2
-59,-59,-52,-60,-51,-87,-86,4
-50,-49,-51,-50,-61,-83,-85,3
-49,-57,-51,-44,-57,-85,-79,3
-50,-54,-52,-49,-67,-79,-86,3
-67,-53,-46,-64,-48,-88,-87,4
-49,-56,-57,-51,-65,-87,-81,3
-45,-56,-57,-47,-61,-76,-78,3
-51,-56,-51,-55,-62,-85,-83,3
-59,-62,-54,-62,-46,-87,-91,4
-61,-56,-66,-65,-71,-85,-88,1
-52,-56,-56,-41,-63,-77,-80,3
-52,-54,-53,-49,-63,-86,-81,3
-48,-51,-54,-51,-58,-80,-77,3
-59,-51,-56,-58,-51,-95,-84,4
-53,-56,-51,-50,-61,-83,-81,3
-52,-52,-53,-53,-56,-78,-79,3
-60,-63,-54,-63,-47,-88,-92,4
-50,-52,-55,-49,-64,-80,-86,3
-47,-53,-54,-49,-63,-88,-85,3
-46,-56,-53,-53,-61,-87,-77,3
-56,-53,-58,-64,-71,-84,-87,1
-68,-58,-65,-67,-83,-89,-86,1
-64,-58,-59,-61,-70,-84,-86,1
-46,-57,-52,-43,-69,-86,-85,3
-50,-53,-53,-55,-67,-78,-89,3
-63,-59,-60,-65,-69,-81,-84,1
-62,-57,-58,-65,-71,-87,-86,1
-60,-56,-43,-61,-50,-89,-87,4
-39,-54,-55,-37,-64,-70,-70,2
-51,-60,-57,-54,-64,-84,-83,3
-55,-54,-46,-60,-50,-84,-86,4
-49,-57,-52,-51,-60,-89,-83,3
-62,-59,-50,-66,-54,-95,-84,4
-44,-55,-61,-41,-66,-72,-68,2
-60,-59,-55,-66,-66,-82,-86,1
-37,-60,-52,-38,-65,-70,-70,2
-48,-58,-54,-46,-66,-85,-88,3
-63,-59,-58,-64,-74,-82,-90,1
-54,-61,-51,-44,-63,-79,-76,3
-40,-53,-56,-42,-69,-74,-78,2
-63,-60,-60,-67,-76,-85,-84,1
-61,-51,-52,-56,-47,-86,-90,4
-46,-51,-51,-36,-67,-73,-76,2
-55,-57,-43,-59,-53,-81,-85,4
-45,-54,-54,-48,-63,-78,-82,3
-47,-57,-57,-52,-69,-79,-77,3
-49,-53,-55,-46,-59,-81,-93,3
-60,-56,-58,-65,-70,-80,-87,1
-61,-58,-57,-66,-49,-93,-86,4
-60,-54,-45,-59,-45,-88,-83,4
-56,-53,-49,-60,-48,-82,-85,4
-53,-50,-50,-49,-61,-83,-84,3
-49,-56,-51,-54,-65,-79,-78,3
-49,-51,-58,-45,-65,-83,-84,3
-49,-64,-53,-52,-63,-73,-78,3
-59,-58,-48,-53,-55,-80,-88,4
-63,-55,-62,-66,-76,-89,-85,1
-58,-55,-55,-54,-49,-78,-79,4
-57,-54,-57,-61,-62,-80,-79,1
-55,-51,-52,-48,-60,-78,-86,3
-46,-56,-57,-55,-66,-82,-85,3
-58,-57,-46,-55,-50,-87,-85,4
-40,-52,-49,-41,-62,-69,-65,2
-38,-58,-60,-42,-66,-82,-79,2
-49,-52,-46,-48,-60,-79,-80,3
-47,-58,-55,-45,-62,-79,-85,2
-54,-54,-50,-54,-60,-81,-79,3
-65,-59,-65,-63,-68,-80,-83,1
-49,-56,-53,-52,-58,-89,-86,3
-47,-54,-56,-47,-62,-78,-83,3
-65,-59,-65,-67,-89,-85,-83,1
-62,-63,-62,-65,-68,-87,-86,1
-64,-56,-64,-71,-75,-87,-87,1
-59,-56,-53,-60,-49,-85,-84,4
-43,-47,-50,-45,-65,-66,-69,2
-35,-54,-56,-34,-61,-71,-74,2
-59,-60,-61,-66,-66,-81,-85,1
-36,-59,-55,-36,-65,-66,-70,2
-41,-54,-52,-37,-68,-73,-77,2
-36,-52,-59,-38,-64,-72,-74,2
-61,-60,-52,-57,-51,-91,-86,4
-46,-55,-53,-52,-57,-81,-86,3
-58,-61,-56,-64,-49,-83,-87,4
-62,-55,-61,-60,-63,-84,-80,1
-62,-55,-58,-62,-67,-81,-77,1
-51,-51,-52,-57,-56,-81,-77,3
-61,-63,-58,-66,-74,-87,-82,1
-45,-55,-57,-47,-61,-78,-80,3
-51,-52,-50,-49,-60,-77,-76,3
-51,-52,-56,-52,-66,-80,-89,3
-47,-55,-58,-50,-60,-81,-84,3
-48,-47,-50,-53,-61,-82,-79,3
-63,-52,-51,-56,-59,-89,-84,3
-59,-49,-44,-61,-45,-89,-89,4
-50,-56,-56,-60,-60,-78,-86,3
-70,-59,-56,-64,-46,-88,-95,4
-61,-55,-55,-66,-61,-83,-92,4
-60,-57,-63,-62,-72,-85,-86,1
-65,-62,-49,-67,-45,-88,-94,4
-60,-58,-55,-65,-50,-91,-86,4
-58,-56,-50,-58,-47,-87,-80,4
-36,-55,-53,-35,-64,-72,-66,2
-59,-51,-49,-63,-45,-86,-83,4
-64,-59,-55,-66,-44,-93,-92,4
-50,-57,-50,-59,-62,-91,-93,3
-62,-58,-52,-63,-50,-87,-88,4
-38,-56,-48,-39,-63,-70,-73,2
-53,-53,-52,-55,-60,-82,-84,3
-52,-53,-56,-49,-62,-83,-80,3
-38,-58,-53,-40,-63,-77,-70,2
-59,-52,-57,-58,-50,-86,-88,4
-58,-59,-44,-57,-54,-82,-89,4
-39,-52,-50,-39,-61,-75,-71,2
-60,-56,-56,-63,-65,-80,-83,1
-49,-54,-50,-52,-60,-85,-88,3
-40,-56,-53,-50,-71,-79,-78,2
-56,-58,-60,-59,-66,-80,-77,1
-50,-56,-55,-47,-63,-86,-77,2
-48,-57,-56,-49,-64,-87,-76,2
-45,-58,-65,-38,-65,-66,-70,2
-48,-58,-56,-38,-65,-67,-76,2
-58,-57,-48,-64,-52,-92,-87,4
-62,-64,-62,-65,-75,-82,-86,1
-48,-57,-54,-50,-66,-83,-78,3
-51,-55,-52,-49,-64,-86,-83,3
-53,-57,-62,-55,-60,-86,-83,3
-57,-56,-48,-60,-49,-84,-88,4
-61,-58,-56,-67,-50,-95,-88,4
-46,-52,-54,-47,-64,-79,-81,3
-68,-57,-64,-68,-77,-88,-85,1
-66,-54,-53,-71,-48,-92,-91,4
-55,-50,-46,-57,-48,-76,-87,4
-61,-50,-51,-59,-55,-87,-83,4
-45,-50,-52,-53,-61,-75,-79,3
-67,-65,-67,-68,-75,-87,-84,1
-59,-54,-59,-59,-67,-86,-80,1
-49,-58,-50,-56,-64,-81,-81,3
-59,-54,-56,-62,-67,-81,-82,1
-49,-53,-50,-45,-64,-74,-85,3
-35,-54,-55,-40,-61,-79,-73,2
-59,-49,-45,-57,-52,-80,-82,4
-63,-57,-66,-66,-68,-83,-81,1
-38,-55,-53,-37,-72,-71,-73,2
-60,-49,-48,-62,-48,-85,-93,4
-35,-58,-59,-40,-75,-75,-73,2
-52,-57,-53,-47,-57,-80,-83,3
-60,-57,-52,-59,-47,-88,-85,4
-61,-56,-62,-67,-66,-81,-88,1
-57,-56,-49,-58,-50,-87,-85,4
-66,-53,-59,-62,-69,-81,-79,1
-53,-58,-51,-50,-62,-84,-81,3
-63,-56,-50,-56,-49,-89,-92,4
-40,-58,-57,-40,-74,-79,-77,2
-59,-51,-54,-59,-55,-87,-88,4
